file,type,coverage
COTC 2019 Fall.pdf,TeamSideline export,Fall 2019 regular season + playoff bracket
COTC 2021 Spring.pdf,TeamSideline export,Spring 2021 regular season + playoff results
COTC 2021 Summer.pdf,TeamSideline export,Summer 2021 regular season + playoff bracket
COTC 2021 Fall.pdf,TeamSideline export,Fall 2021 regular season + verified championship result
Sacrifice Blunt 2022 Fall.pdf,TeamSideline export,Fall 2022 regular season + playoff bracket
Sacrifice Blunt 2023 Spring.pdf,TeamSideline export,Spring 2023 regular season + playoff championship results
Sacrifice Blunt 2023 Summer.pdf,TeamSideline export,Summer 2023 regular season + playoff bracket
Sacrifice Blunt 2023 Fall.pdf,TeamSideline export,Fall 2023 regular season + playoff bracket
Sacrifice Blunt 2024 Spring.pdf,TeamSideline export,Spring 2024 regular season + playoff bracket
Sacrifice Blunt 2025 Spring.pdf,TeamSideline export,Spring 2025 regular season + playoff bracket
Sacrifice Blunt 2025 Summer.pdf,TeamSideline export,Summer 2025 regular season + playoff result
Sacrifice Blunt 2025 Fall.pdf,TeamSideline export,Fall 2025 regular season + playoff bracket
Sacrifice Blunt 2026 Spring.pdf,TeamSideline export,Spring 2026 12-0 regular season + playoff bracket
Sacrifice Blunt 2026 Summer.pdf,TeamSideline export,2026 Summer/Fall regular season + playoff bracket
Sacrifice Blunt 2026 Fall.pdf,TeamSideline export,Fall 2026 regular season + playoff bracket
fall-2025-championship-plaque.jpeg,Physical plaque photo,Verifies Fall 2025 championship and division
